temp,hum,mq,label
25.482483585105758,75.66171247332674,147.39207086504933,0
10.223796691142212,46.47180305780444,783.1950835939991,2
43.31346025113726,22.282499862469926,456.44963887802015,2
13.336060960699866,83.6863251280902,641.7297103825014,2
40.475749220467975,20.844653657967385,365.53580329378633,2
37.38263225632204,16.65270151018543,707.7755185544922,2
15.69702502120712,82.0382689080215,348.1272701731235,0
41.15998719841498,65.16160246503539,542.161118809901,2
25.006879605907898,59.80563792129995,729.8029123601771,2
29.054421421754718,42.600762182924754,611.801795567148,2
24.285500609935873,42.5353466530384,421.9769083943329,1
36.81311779471548,66.27473738356386,147.52051016921627,1
25.240377216929012,37.790376570125154,104.98452347579861,0
39.69631496945719,55.9585857818691,714.5986370003454,2
14.819270746678626,56.03248285563555,136.8896026141893,0
18.487848367085807,76.84491830753876,447.6528549341684,1
17.069915972575334,29.18184186159924,743.7007142680218,2
35.51285423283497,69.79044825112594,204.22704268091746,1
21.852034888324283,67.09606475076335,188.60684335956933,0
31.713023941293827,25.998904411364066,372.6288386813315,1
12.631668671384162,54.17369230175727,468.64425032383235,1
36.20423019934227,81.9144775462665,121.73618092725599,1
28.05119400649568,67.92076740993485,639.5479765144588,2
25.361663050144667,13.74529287806987,729.4280351069953,2
21.94331386094659,68.06100913767031,657.9509594730697,2
18.87882640414862,81.10992635560825,361.6475422964486,1
15.28552698838985,30.355143773051488,748.7816760223892,2
27.210426537143032,17.976156029788424,210.1115171066929,0
22.56921074981284,88.67669463744713,553.0920658631985,1
38.77519691327143,45.586801589698254,124.54893907351044,1
27.087061641591927,33.74535865586178,161.73738985370068,0
23.050010041788973,68.61301494783957,290.0869171324133,0
44.82079333065908,30.675034860246136,186.22611218253297,2
11.425814850736444,51.05776018404371,611.3672339708253,2
25.796641776440328,67.48814538540044,475.51459621364506,1
31.31408754047347,10.501931384565308,392.69327905172736,1
11.607883091004819,57.347666064315604,460.810064386762,1
40.99633801364577,73.23427190143703,641.3482287182426,2
39.28582660350358,14.878640969762182,665.5846053705579,2
36.63834710752094,37.547310442907865,193.70063502370488,1
28.884400116370237,30.385515738679494,552.8504289795288,1
19.137609154574513,52.42948797957462,340.6958610895851,0
23.300494674007105,13.933795881800508,314.2083591876792,0
39.29044486308628,51.974152866902074,311.3155544335166,1
18.096130453359276,84.99749897762551,666.4605928365352,2
25.52597175467239,77.58103318134978,776.6464475547474,2
26.125597101719748,89.52509198928594,116.1117541744133,0
20.218421831794117,26.02692849482656,364.1913158154997,1
11.36725741478162,58.69501246947208,539.0014455702908,1
40.84995835816355,11.839280351505233,694.9218489116203,2
21.68170220419954,65.32819039523217,543.801002905159,1
11.580973867046806,62.196857139788776,777.8710902371288,2
40.98238768030069,88.88043911963506,591.9512328181239,2
21.551617117236287,17.481231951647082,502.9992506492882,1
12.354347019464942,17.236924872394344,482.13169955323593,1
22.32729684361002,29.99877357951039,379.3054797252545,1
41.43313801874095,12.736258924189983,660.3939725944591,2
26.8932645614929,54.6321083653448,234.9529809184973,0
19.093897851846883,89.75307213571385,337.16691372092566,0
23.38821135494475,23.415281466041222,503.15575069142045,1
18.575529052791182,31.154503024328683,166.67524719938518,0
39.75686070907258,31.437296270488986,682.4659384321777,2
21.445942623222756,24.623748515372625,585.6678810752576,1
20.85393678998804,74.58472521717768,192.20621905083811,0
42.65065572539538,84.45702681681057,263.66890994541427,2
27.176035528836856,75.1391439273,383.9737342845381,1
42.54943826162486,75.76884843828188,263.46710084031633,2
31.09388409642321,20.316468915764958,450.1132912016164,1
37.972981206484754,88.72052046715959,301.88660295414815,1
11.74967691622418,35.67144672879933,352.0296695124929,1
32.28087606194302,38.00065457583392,425.24587140970436,1
40.53107208852005,42.994324008942556,130.2467074649402,2
19.026625426116134,42.65969782092375,659.5026449920632,2
41.06613115622066,62.41520793227204,127.05128686488241,2
41.93758665300625,50.97704783426876,436.51860951763143,2
29.69280535895151,12.368193995630428,355.22507116594613,1
28.37542413272656,28.57810926230801,687.0095048300069,2
31.706630824955894,36.876068206895226,713.0358352141162,2
13.163987119043822,19.95578194389326,727.8989888486473,2
13.128384365924067,52.334098897390376,321.7591664545002,0
18.336109101826583,68.26321304567605,126.8869437047126,0
20.717346593252373,52.4381838886119,296.2729451736983,0
25.747705558379252,22.402768732198133,541.3065638116944,1
42.454646803285264,49.048056780332544,405.41813277945346,2
22.329099070691797,43.270167889705135,703.0140501047774,2
15.382010800207105,89.83992081378383,758.6379200351245,2
42.23249859403932,44.602456937223025,346.1490354677089,2
30.964658459996397,26.859639004060234,381.2686188136192,1
10.003668250883873,36.48632319968088,722.213248877666,2
43.188779173944624,19.444333449280204,151.4409423053892,2
23.35855117601213,59.93482691290639,656.5585412218776,2
12.111514033378361,23.883231554320457,376.6377067829996,1
36.94870087916084,27.11720794852819,511.8941117080713,1
16.065352995120275,79.02760653705099,613.1043124691097,2
32.4839667749151,28.257327720340406,697.3376348583193,2
15.724198743890721,56.33799667422714,535.0095458569945,1
43.71345103556716,31.882242466079845,354.5942828031083,2
31.2827264051668,60.31547455955537,792.5870523832345,2
21.02293968777026,66.08209835288973,554.7566585413817,1
26.227021828086222,23.995046866436667,659.0238002248894,2
28.45112368536529,34.08709919126182,502.28945766031495,1
22.91267713063713,32.368067801023926,487.4275525123659,1
36.044495990873855,74.5048989100513,694.495107257418,2
23.407613401627373,89.1209812023121,337.84444316441187,0
44.20302943861673,12.497225366120235,311.637140195622,2
31.393095244908366,66.6041645593216,530.2296530732215,1
14.566457193159653,80.9516364270948,497.87215336557085,1
13.299597598426246,77.04463450274591,271.8688500439052,0
33.27572329888316,34.82589232081639,125.91325811150227,0
23.38951170469834,84.20470609486699,319.0992661519027,0
41.76711302745858,56.11843861977832,362.77456811560245,2
39.583210274623795,25.809246215385812,767.2274497902412,2
24.35670012868767,17.460601528332795,698.0644128629352,2
17.656934511714798,38.695876696384914,576.2701114319669,1
37.5415741509093,31.0417044534959,566.6390978155503,1
29.463231452647946,59.368896053046775,349.27709113853604,0
32.06112958378781,67.80953301326792,388.09221817373697,1
22.304458882404056,85.17466263581221,131.00791087506204,0
10.705659597759364,56.89262525748582,632.6424083638273,2
32.17772856262198,81.19532582783194,649.8908183789778,2
40.56296871631147,45.1697418653883,226.17917840499345,2
36.38285545584034,53.22670781216999,199.9478527708905,1
32.236069461483524,46.32448900748612,575.3433536350265,1
36.645761800707746,11.164290159270944,459.8657806634404,1
27.5783706246226,70.81289727347996,617.0761200623575,2
13.832443475724398,29.113504698534605,140.96309077660513,0
40.32593359488959,15.807138206651787,539.5925561754038,2
38.98544663187792,63.60268441430392,414.0261855887931,1
31.85993801557588,81.02737096155012,356.1826325892776,1
25.051956720685595,46.03661664284879,587.0146134984884,1
30.632428867783254,27.51292323382686,762.7754740843766,2
17.51638128015644,46.72909866540111,795.0625315457938,2
27.55260923261565,24.590247110608175,206.02146207860272,0
33.01023513296856,66.29853328519246,689.0477495544404,2
35.01003582963291,87.30485031055787,433.5353891469125,1
15.834602487722627,88.99982708606751,480.02996666911696,1
10.934569870667968,10.34605361836169,504.3126373655168,1
42.07634509243329,55.96162149035871,112.53815657651633,2
23.87475069826571,26.611443489059845,602.5021853754656,2
32.33993328943956,14.548451627179766,272.25901519630474,0
12.629998005363312,88.6591823014897,572.470470590087,1
39.48174134168799,24.01582698740553,420.4319372534122,1
37.34095979724987,58.146824847081795,416.4231455207554,1
37.46714566823534,15.054171000935375,156.46319034759554,1
30.51927614946784,43.32799718412371,790.188773068188,2
20.953101844658143,34.4295405375004,395.3837810511944,1
11.640448990465117,15.667708711136568,555.4575778955589,1
29.967519945486014,14.183742844455729,680.1023546713297,2
13.81339798516836,71.18760403233999,753.8410686589359,2
29.71796888876683,75.737030474949,107.87493721846198,0
13.482222956458942,71.54155093824076,414.93570734905296,1
35.54777506739113,64.59698744664138,741.7892237848102,2
24.369367256989793,76.82958987832504,417.41772751908513,1
19.51077549368123,24.311077614619858,171.35775397678307,0
26.822191399747076,85.4489506510053,233.23968848993354,0
39.90370157525317,30.648028508490015,694.1085288045551,2
26.0454006992215,17.573372017758373,239.67794245313587,0
19.73586670135172,46.09518765250313,751.3468961518037,2
19.966122538737963,35.094236945830914,115.32268716923292,0
23.03306783478433,41.74592266463822,307.70321336122805,0
40.10695121083184,58.13781920938701,688.4804445329552,2
11.368091174835039,30.306024151034787,383.10935540550446,1
13.8722653776567,46.34780145186358,395.1324479254277,1
25.807777077529686,87.96301305695007,659.5990809561922,2
13.029096666029126,47.9976678751835,517.0935264120143,1
16.390125907730635,52.67325552835771,419.446549398753,1
34.70840479526963,38.634419089813356,705.8832013615654,2
11.0448260151759,61.090693374099246,160.69889951196396,0
42.97393681195823,24.42413644121838,553.7114598116071,2
14.85679684664879,39.76816903582198,173.493798664611,0
37.856987641946695,38.984302355533245,651.3805708644579,2
36.7877857953622,50.418023342068025,635.5117369188838,2
39.88529478274877,75.83305664833827,165.97639674616943,1
33.391179648126624,77.45382840035026,374.5687891853155,1
31.899779388015535,83.52777839285125,696.2736702596671,2
37.36056854175504,52.533196063824555,136.6197099726543,1
18.897068841696484,26.14856137280985,364.61874660867034,1
39.18551094696846,77.0385638959402,146.1141585171673,1
27.630711760989072,55.64949038382441,255.21764045381892,0
24.268948450741437,46.239396065085224,155.43876671097496,0
39.17290392938134,49.751332929057774,693.001880577982,2
10.330663437406624,59.005988423203355,679.1474381235884,2
18.978005707545485,32.18822908968829,731.028582310596,2
26.930706266326457,32.626147283493346,512.3831810341924,1
34.058776231303746,74.80352030617614,353.6226574988772,1
22.29654057780739,32.491889238869895,586.158004826566,1
19.76112717672232,39.67347280721852,584.7000401203943,1
43.47109557994855,10.417156972917985,684.5084788406024,2
35.386280887611676,45.541118275605015,715.8916181662149,2
13.28777948759079,63.58959020165301,282.00734895438666,0
31.59654062328727,53.47313413254956,588.0100138192508,1
19.256102576664578,37.04208821728389,281.2570281340562,0
28.18935117011869,11.342989093866871,586.3534318634722,1
30.574012728094576,32.269349037121835,268.5115847632603,0
27.106781644718954,21.440089954237767,121.31089960567095,0
29.52419707165896,25.799228352056154,164.67499251876012,0
13.681086879223017,62.10218654374589,218.02257600945018,0
20.817323569501156,80.18954248395693,778.5525025646422,2
27.662324178258693,16.369375005633103,540.5304650359603,1
25.692848303094586,86.09320861361441,353.18157343309315,1
25.67391844020421,15.349200373187593,305.9430190609612,0
42.45636370452592,19.81622818406228,274.02580006682945,2
36.02100149121661,20.764770274265445,210.86364051856992,1
28.446800604210207,44.62449234976837,510.83553203015344,1
37.999030287525166,24.03728098259064,340.40142744279245,1
31.8561642672319,19.91730596033574,652.7410534287935,2
36.794880500040335,21.736081618575653,735.3614588878166,2
14.22535416985501,18.97250430154174,244.13642681023362,0
19.55475239409047,23.778293694897606,145.30418238593882,0
20.908827253991497,45.21708765702792,262.47694907180426,0
41.770567117173556,48.34895908748203,600.286833612148,2
31.547281782462537,47.078028756679764,164.08787799347738,0
38.646122341416046,44.017423303639085,453.1394211798332,1
30.228434011148195,67.49028202581647,422.0464410065026,1
24.42781117233647,51.36989144171204,457.48363187288857,1
25.628535280388704,76.8232078074968,709.9430249744021,2
30.635143569964722,39.60798984009932,440.656886947568,1
22.585675755853305,28.68754920142173,509.5062925070815,1
36.18301095359292,10.201716822602434,126.13838499369433,1
42.341215801810016,68.58338874247532,657.0739835015,2
33.48306808921499,47.29093399812386,284.5164358869515,0
35.60559163771698,10.484301477461342,577.5779473394425,1
11.721026311865014,42.8603669575719,102.9900854419837,0
44.40980590518231,79.89026909295718,466.81054361800034,2
37.23708859976176,15.854492524416912,163.28347610989732,1
34.530385536271304,58.799715087660765,649.8916445708496,2
38.267991854567796,48.76442794561119,181.8695518369235,1
14.831884736742907,47.10706289783595,129.29773063568922,0
14.424796195172423,64.22274820105129,702.8252068349873,2
27.22320775441478,55.39526924526307,740.5502641030254,2
42.993211957726494,19.14740114198632,213.50084218441896,2
41.42352191372301,63.7757269593111,509.39713571796096,2
14.104729287814488,22.97043538197756,535.1964754662067,1
34.53946913069055,50.59625372521964,520.607379580526,1
14.46849379143826,50.91526947214178,648.3789226085448,2
41.47895282178931,10.767202585566045,213.664698638493,2
19.972921154389166,65.62781592021453,489.4190055575906,1
23.21449576422688,78.97883181356873,432.7320161121558,1
37.117556259801155,80.85088181564878,278.25878521234813,1
35.67361023158318,76.44228448697515,749.5036639199573,2
32.46147730890351,69.27654255681207,331.7977814250702,0
17.800130755164908,46.97249804215361,764.8092221172543,2
43.20753368249954,88.00561743073091,499.03172080754825,2
13.987330044110475,75.86837747428403,630.5536322893689,2
25.73643158819158,25.52398377069383,153.3042603212452,0
44.54077429087336,39.61775014795377,400.6020565957829,2
25.915327320664346,33.60973680249594,645.995841539681,2
35.515424458374696,64.78791339323135,646.2872517013037,2
14.100579261653646,69.44377774888457,345.6071542813003,0
27.320074451909782,39.206995977102125,504.8881097946912,1
33.71018488705788,56.76532866735509,430.1526509433356,1
44.53691580253551,32.22088201829458,752.4734088154064,2
24.715026935699843,75.7987477601536,266.725612573861,0
42.88391445408872,17.85115819605349,352.1940695987153,2
10.841684773816992,56.94097837464896,430.7714336594067,1
24.985426086190564,22.661468352044707,368.67792930784356,1
19.014350459638827,72.69556234999968,149.77661721581876,0
37.79850600282742,60.23466568352756,354.54244636881214,1
43.253267897364836,42.546032255180364,466.91009016690606,2
29.154168615699547,25.204597683326114,603.486628553114,2
38.72128707868144,30.331799361153926,695.9892670017213,2
25.046517504577427,35.784011955724715,265.37447668976995,0
11.685367585009399,36.34086267196597,739.5761326668676,2
38.24532257522293,67.98201062375185,591.6447031159846,1
21.669806794466915,52.40860759833589,213.35502844185808,0
22.303243016902634,50.15936848009168,318.23759552600654,0
24.753560898047184,42.65626804555176,473.4446243191395,1
31.56745085758689,12.600305848551905,167.02092200376538,0
29.172648949522113,31.046129867699676,304.5176338748803,0
19.082597145849206,20.771517778590997,515.9199987252846,1
18.962084196395438,40.850280325981984,282.40085654347797,0
25.243886330465642,42.2540045120335,763.2193885969072,2
29.241077281600308,60.547148922925615,678.5402267659249,2
10.884297854728503,24.60317802727646,204.91665719625215,0
23.52177057914401,12.284869335770248,645.1955597269049,2
18.711530487910615,40.79617448698813,511.6358858707153,1
33.74704330307205,53.02774798030012,259.97822127708207,0
34.7548148355345,11.750437345090878,216.64253386807394,0
15.9683156429294,80.09567904762756,453.8642512435221,1
22.10842537259792,82.58661566036032,628.7047517446666,2
15.25146965513864,49.20020864795825,533.5198427943476,1
25.97537003223077,48.6803359829597,758.3985418558142,2
33.32299438468844,81.93469534860905,111.14794118653481,0
42.41914714265227,52.554622890636686,574.6717633558673,2
26.45773676338221,80.46177613104727,718.8535484642902,2
17.02282311540799,13.067467631794738,132.14426639204027,0
22.694869007503087,44.16294669581781,135.5232491378939,0
15.1814613974147,86.34982342285265,424.5470318191709,1
42.118613827704735,59.95906490852767,254.24546427891568,2
43.64364138189437,85.1647806566186,178.82741106738166,2
24.957530680411562,29.72334705104182,578.526841314839,1
29.136549694279026,25.113773480790364,347.35027287344724,0
15.862959920087992,67.7711045661886,479.5885447493714,1
34.28912858806937,87.5814872123145,399.6205920404856,1
10.73001877019211,59.309200251221725,327.8767760216564,0
24.74886972119756,77.21114935917521,629.3919798173595,2
43.850912700599295,69.74825387734052,647.0832686100888,2
12.495932707221229,78.10144077191273,567.6550883943572,1
27.581409001336326,17.698458124282183,445.29718418253094,1
31.30585843375007,26.154884159251868,642.0290042241429,2
21.89737128834011,74.86670549073307,151.57080314285275,0
19.222647817221905,65.68959012166303,175.73705534182636,0
26.983096496847885,31.335151436399595,705.8618051952317,2
37.655497317406535,89.35563558072208,556.087151684196,1
23.44936952713789,34.32735686980681,476.9582930987987,1
18.156202766212818,23.302857245268378,312.28930467245095,0
13.195937083550389,80.36530484499163,466.8410454239636,1
23.396438599883055,21.318113655414077,678.6220028431661,2
15.121303976390339,80.03878149989413,118.03980308327823,0
33.08533122490466,63.783184773636776,465.6201279868741,1
40.350381082847974,21.85837406447975,319.25759115868243,2
27.832846262852126,59.51175265280756,460.50547262984423,1
18.02812974325557,24.103643559887608,528.9236401400607,1
44.66496062281213,29.506579224674574,391.40594515766844,2
43.46295135298257,59.07057602678616,320.10162810377363,2
29.75438820274542,84.84173695353495,626.9388856452202,2
33.37907026307471,46.42317837855964,512.913130969308,1
31.86175862745776,41.14778305082027,621.272994591738,2
44.86191231569209,33.79203618783798,562.86928310559,2
27.228882879506397,55.02110188647212,502.3581635030194,1
10.621813124349172,38.919912668271834,504.034228676176,1
21.395277191502892,32.39598877475136,365.00300278671915,1
42.2675610355088,66.9338467183516,786.8176698004357,2
21.129289088571092,14.550912892402907,203.50144035883022,0
27.215359936408134,56.94036220238861,554.8605076739497,1
26.68198015997335,11.160546019304203,661.5786857870725,2
35.072524246802644,52.309005868018815,266.81286214712713,1
16.68440721151208,65.47751459497618,320.9868829412735,0
38.69070709604553,68.33373055826634,668.0614236005579,2
15.152390069553597,30.384816650657875,652.1324239173331,2
16.85351979588755,45.58020026884083,161.88985943961032,0
28.85265779229126,56.3018601432168,391.19540363153317,1
36.84123074200144,19.17716918245235,283.58442673693264,1
25.970555822502448,85.2368687753681,441.9377652400311,1
10.920038546421145,87.33594967337032,744.2749981881053,2
23.171474951803226,52.23335883608088,553.3975555097145,1
10.829325038242816,35.588002875255015,196.87171551186745,0
20.55167105477995,29.850046268526,347.0577552566177,0
25.264763016381693,17.07999128776681,446.958566499597,1
28.184280314414842,75.78013620017168,339.7952960420422,0
20.851449057370463,39.96713971128783,299.2966334350874,0
17.51770381320911,40.59858250797056,256.7215154453312,0
10.120891163736697,46.04888767174767,114.43872667507881,0
11.085249920298768,35.617934430593834,315.1901806044532,0
15.692507181106556,60.81433200740164,796.6953227256607,2
42.11181893652704,52.99618601919487,311.7183662528863,2
32.56376192404451,83.89908218975059,432.7326020566558,1
19.654631438475853,69.10978084115678,448.61461957203886,1
33.896017881972796,28.342821213628255,712.2702926461187,2
40.267564847284135,14.010860400048868,221.6584818479048,2
37.63214586467973,41.28534740171417,766.90740806465,2
37.315869781578044,10.436862071282063,256.48873310951615,1
33.641726253486425,28.23457253392168,769.5374397102019,2
26.670498809636953,76.65128437423607,774.6955803048157,2
12.097218993235797,26.941383015012104,104.80988486638284,0
21.940491826938867,71.3274833408313,342.6247979869106,0
18.73170823573873,48.57965683133256,456.8051080951871,1
19.788110480409603,40.58872310376772,255.1271337182722,0
31.020803075587718,23.200235008290466,438.80930834042033,1
14.90779856680817,27.259317535754146,798.4949807894169,2
44.06107549961248,58.270845431017484,733.3299306878909,2
33.6091054452527,54.89347639925085,666.7321334029782,2
34.226107783370566,13.359999701199232,151.6713677923438,0
29.415771656724075,60.975811121207826,165.876661721907,0
30.442789398859123,78.34690021770139,499.4265064686352,1
32.54042874458,18.884450950879188,297.94976954013305,0
25.388222396770185,31.314188067565496,551.5985255527255,1
32.22428478390225,28.97504794905709,467.7456694885491,1
22.83223876148997,39.51700107579757,453.9139127554878,1
14.933912573820733,63.2090306206715,728.0890793123937,2
27.62098749915496,26.846573157151433,462.4074515381575,1
42.67474314782127,73.37271813545627,163.14896939714,2
16.660019796644455,64.33276741974588,552.1029075934938,1
14.469478992821495,88.42798600704172,214.69790712436435,0
17.948000915362908,58.487211002632975,747.6022441815993,2
25.895195706128014,54.57761551520424,792.5119530863011,2
21.00130965977646,35.95107710281016,184.6563445445559,0
16.121679861143043,47.20216749505469,547.2054687897702,1
30.596256821417665,61.50075412267607,142.78751253565912,0
12.776222713320772,38.86057342833737,389.91765285314517,1
25.004550072056965,50.29218804917945,364.25236930352906,1
34.54401879868365,62.04304763601138,178.67501570607521,0
27.807584649694913,46.49138676183223,425.7255402971132,1
10.402988891572427,48.988388787142945,732.3162443516879,2
24.331845709009922,15.096321630133023,151.9995200677592,0
15.31984874034686,14.148085733926443,360.44162440235675,1
28.94134926667217,32.129480540583714,405.3516581229375,1
34.79069593466268,88.08872362744734,531.2434262589225,1
27.677059323941155,31.02967416430804,298.6651498386666,0
20.70248306986371,13.701227496981483,453.89932947146184,1
37.453739791814456,14.995624637697205,274.1644378496052,1
27.608967754598982,80.30009604191373,514.026179568828,1
13.650210649294799,84.52418013101092,219.97779680268383,0
23.365349412105566,48.55141407360519,679.5027227564215,2
30.140484379012477,29.787931889797452,255.41919089771199,0
42.62716690867461,30.824112109738753,461.15384162519166,2
36.02469014028698,67.73824600593144,338.5041937367113,1
32.22700717101645,25.001610839649615,456.48621779273554,1
25.563272843864787,80.13322313182994,762.7949655875098,2
30.241230642453903,24.45767539470004,192.5810309134788,0
40.37696463462674,89.6376625675981,338.48479612219757,2
26.110474660018205,40.95070765133663,698.924635684288,2
25.54642260850144,29.890726104352936,640.7648419128907,2
20.8904555422302,54.64850546603384,721.5626638206319,2
35.28947070427956,89.14994102463231,279.2093903253892,1
43.8459309765433,65.63078410794489,346.42868680496167,2
20.843322235166955,69.78465579688466,618.7974135634389,2
31.842471761645406,38.34733976577694,484.4463624183406,1
33.04742522695412,65.71529059665495,735.7101695851005,2
39.747962762473136,18.003000839801516,471.2353126357442,1
22.86263753357253,77.6718448338866,252.31831153404218,0
40.103010524742615,40.76916065505025,685.0110442561224,2
19.090536355097843,86.80795281194817,338.5623012891796,0
38.653820277248485,20.042568393250235,492.1390565067074,1
25.024729989083887,72.04948141677724,291.45213589886924,0
23.039762446326254,64.47905596435533,602.5058441213494,2
40.667540087797356,15.734627651109676,690.6675037025866,2
24.373889640245643,19.260606850745372,424.6598961518868,1
38.33324998646405,26.8191932163868,303.83114380378606,1
40.62490205577794,57.47451555855229,680.2266466098255,2
41.399846745581115,45.77767512047636,746.8098862322345,2
15.140349275419986,44.25477094561024,784.0331539066357,2
18.575376856967495,26.430194090738173,700.5017974136039,2
15.539584206872306,70.28485972900971,655.4261832961275,2
29.51297387438189,67.30888878724258,131.27229778627776,0
11.100862276201402,11.806069926750524,418.80836912487615,1
36.41385632065762,49.75735431120505,764.3302475464939,2
20.39196488889548,12.002329741237627,493.77724947378374,1
41.544685010664516,10.311330145719424,284.6745102966686,2
31.985705331292763,36.7587430853725,287.7699217223093,0
34.44254627950707,30.31852772622895,146.3022309530275,0
14.767552995453466,73.93113210818947,209.58760981365452,0
28.27428982520155,25.88971317849042,586.4990119510906,1
15.356005913618212,70.98521032655988,288.9899199685555,0
37.43223701524704,13.135346630605262,428.6048748020963,1
33.25722176892016,76.57244638912127,165.83986855837344,0
20.27358431263017,87.45322427272386,768.585982051175,2
25.938397640481448,28.424034330243416,695.6515061397148,2
20.204989415042924,74.42313853943757,402.81463204514165,1
33.88742545657317,22.535391057619513,692.5878098154571,2
29.108646501172206,46.0037335656273,357.0295867645002,1
17.254707560075346,19.342370001127527,150.57105860003625,0
30.97632064322123,47.96591332744217,623.0069408627475,2
36.868286337176684,71.84340379716674,641.0737138200664,2
28.782626548887503,54.05586275367581,711.0340243486248,2
14.677408521317263,65.51199426779979,167.94462872743767,0
44.33471714513203,38.23449930090841,536.623814861261,2
27.385031872743244,86.45843513086257,233.04024494686416,0
44.987162385333015,84.31062427013754,112.36565429647064,2
33.36412624492374,65.38237500125743,661.779096029445,2
29.01373535555623,59.72627040495659,481.43105166448555,1
26.195311093358928,65.5832337071642,645.5418983153451,2
40.563934661654955,84.21324342996753,357.35446544195867,2
12.822194135636593,68.44115535577751,583.1958038766984,1
24.206337926942574,54.936070390522744,480.2259389982877,1
10.252743019538517,69.78113575051583,411.78417751165506,1
16.969305252210006,53.630845512177984,570.7915507650044,1
36.46146521769336,29.80677186014029,142.32172351603532,1
15.924300571052802,12.613800590699888,451.41876277344124,1
26.804525313022513,51.5287480652885,678.9825179020265,2
23.860380372344586,45.9977495478269,262.5172882706498,0
30.67476561940649,15.472109430091301,636.1110786540173,2
12.956405344957194,50.597821700189094,600.5208188801942,2
22.216914538708764,83.57079819366729,208.11825416573956,0
18.097267986831888,15.254576174950154,206.96758905986405,0
25.75460301614668,87.08604333158856,181.1882633188369,0
35.72538537198042,48.3432703245966,305.0105099227185,1
18.37034937651291,37.62953220453756,139.98223114783733,0
28.15212722248118,18.361196393541512,315.3468820432509,0
17.840236120690875,60.61167968039623,760.6649289848666,2
32.74826573875653,37.253084591900425,322.36851035286213,0
35.57390266307785,75.31566544030409,790.3748739888389,2
17.15656971532058,17.079918006631054,487.95633474286905,1
15.535318295634562,48.21622120035343,219.48491179695498,0
34.48689954532584,86.76224128951097,124.47312459279551,0
40.79207162850993,43.137316620065356,153.62800239192845,2
42.39904459428269,29.628677936301724,575.8156921072738,2
40.1866182838759,13.412858596782389,769.205004263399,2
10.691237775062064,49.257452982919894,765.868205186778,2
27.774293854531138,78.02880581354114,347.3090654461781,0
28.58251793241198,24.213560456093752,375.21426011553933,1
10.473809769590538,11.945799363184628,401.09439717177486,1
18.427465417454737,46.103603718448795,210.73458613529237,0
22.20288949746653,28.277459118524355,550.7695928075318,1
16.668658392809693,85.03439957992921,197.31006216145488,0
10.651886077705212,66.58303087347741,486.2793308931139,1
14.905170481921276,36.71458977611017,668.1701907965365,2
17.066199996179932,54.8572306239332,150.07218889968246,0
41.11844586042061,10.22175313943193,369.7222923502973,2
26.75096257301665,58.744463639062246,653.2899863871244,2
14.365858636201832,50.71820174288655,451.78995629316745,1
26.134620955890224,48.13534250101746,657.8327557761419,2
20.93460188646923,73.93562436780758,108.61557904658635,0
26.53081795538438,28.594775934511958,214.70086737593095,0
41.428729715330014,13.560767817114892,116.04235316668935,2
28.095736008998767,22.636831255275574,728.141993494397,2
36.774799305169736,17.30796192112157,664.2629408179694,2
18.169453598498077,47.378054040866466,113.57575987462346,0
30.842467937479462,89.65727665999623,304.86920032378606,0
39.71956691324469,65.77410809476059,323.74654000665214,1
33.332248557225334,61.75133090526668,302.9742750286738,0
15.60970831925502,66.40671597737352,513.408528247927,1
28.52714076417453,50.93195526798852,299.1541078071475,0
29.859968332490237,80.04987957932342,656.3556434008037,2
12.41363295719152,56.76808458579215,371.4917648188492,1
22.49092578807435,85.18914003421489,744.2315843578546,2
44.37949615384899,38.64388904311734,437.5193907510825,2
26.365014648056405,30.367652632379077,369.7200945019771,1
13.677632973684881,45.00278187279898,611.5475591133223,2
37.897642918910634,75.84821053539767,600.1329580151656,2
33.964094617452936,42.903462123404495,228.1545352272073,0
20.46687373525628,12.014261228943912,234.71430699811899,0
33.52154778877149,38.49930029812228,448.59697874783006,1
30.353154135453714,13.044965698770294,394.0083347643211,1
12.20583084484661,13.157198932676506,316.13639307923194,0
22.141675237604996,30.508927737081315,547.8965206682643,1
34.475194634121564,87.76154382109172,490.8564543958181,1
24.74402520445576,52.13730362954908,598.5452566405804,1
16.46002893843392,11.244148232283724,457.3291335059735,1
31.998395745416296,42.568752108608734,531.6571702443484,1
37.08578250254685,69.39736516845804,165.8902581638141,1
23.27661858899409,88.59506121337292,657.7372888528895,2
22.453842069240757,50.376590257331216,547.0144931611305,1
10.731519316379718,42.158677774680555,579.040970968718,1
26.927944336507817,72.9599771112207,362.1838233096254,1
16.045831571239894,40.03351857743966,422.4988522086287,1
41.265793366297515,38.750647960194684,760.0651066784368,2
32.844496558108496,58.90332415410657,789.4617820640672,2
11.41169107711922,73.84989765885659,335.51604886589075,0
27.906831614322144,62.47979268062917,354.12240893609237,1
11.360706956190853,68.78190305809375,189.82348722798216,0
11.57387635709776,17.487374121089594,115.06785852650731,0
42.91600451035659,38.98127376752656,289.2304689848267,2
17.221051160016906,17.429685345424744,775.3487749652943,2
34.10397169901621,33.59391806882151,655.6804558518454,2
17.674522733093923,11.197323341007808,544.4514133531818,1
30.12249553885497,58.41008367033573,539.6492294765735,1
44.36070035586577,11.317428880244114,452.48043052230827,2
21.614441910204345,28.34148511770815,345.62950184712247,0
15.344076282991615,86.16702756560498,649.8119855990115,2
23.306284953557174,18.10081036092436,613.5592290370282,2
44.23280253956035,89.85074707150412,444.63486051554014,2
36.15392399272898,41.94653277995979,162.14362884027415,1
22.875594577480914,53.563125921815534,671.5853538897582,2
11.884887108858065,31.112529203899697,537.1056862314783,1
40.93518675731595,62.695387449495136,220.12459652099548,2
20.545672580782707,40.67182731527302,714.8155214018784,2
41.47964336595748,22.23873260905507,517.6839839985848,2
11.158110119141657,22.899486425765918,572.8594677425392,1
44.704992009529846,86.8640926079153,629.0767722917279,2
22.02417720339032,14.516619650860303,223.76472174214928,0
32.46911411484274,78.45194026852633,539.8465503607104,1
12.31398568247161,66.25005735930671,193.36189153353848,0
14.02403259813094,47.41510838078467,431.9079718222957,1
25.043990474260983,12.459474218861795,338.7010358624038,0
12.12607034182647,86.43337728820502,347.8300267621903,0
27.09275817998021,69.51812081270543,619.9336046426293,2
26.944088632283343,72.21096532339666,552.1292839524529,1
40.82570278076521,48.09036803930937,288.8758903349818,2
21.74541591548909,49.00463497217192,701.2811432444437,2
39.57749262158988,55.510610182433915,294.3838887708887,1
41.55984198235224,23.976875139695792,259.5909028581409,2
14.316399270983396,20.233225059008284,262.00349614678214,0
31.415238909370014,53.97159026622015,607.7579913239849,2
14.683398793474288,74.44166069251791,116.35295633893317,0
40.509867265724566,23.87358659701105,248.17253299060604,2
30.436233099264072,67.30205521771599,717.4985393966932,2
15.601867498467232,34.37235428492676,332.3911866083646,0
41.72854607557771,56.47612020575886,142.60657931804786,2
19.41045844551663,68.94469908727851,640.2788056611754,2
27.14954110840642,55.896273994596264,664.7759444620766,2
25.889212849534136,84.3439618249241,735.4826276445281,2
26.156478739444626,23.504384258638574,349.1145331281663,0
26.215923568057352,50.031849949477646,144.04070685472897,0
10.526944839436059,70.33165481704337,630.8295500230557,2
18.270748238175052,17.505939368131536,575.1443575399009,1
36.571327872339694,55.483874963803274,255.12245236557428,1
38.23736446065748,21.807873908488887,701.5506085267689,2
37.5451488962982,25.44105967198112,325.1623835215381,1
12.722118140813004,65.91656813835466,799.47339104602,2
36.432361521647834,23.720445410802917,235.27260770712192,1
42.990426021257406,64.33607254512476,228.5267483226852,2
42.59612316947844,60.129880557130605,536.7490691361207,2
15.406319719158335,50.92065583054557,145.06835590325898,0
39.632567605191426,18.927153893989512,770.3047944484214,2
24.64181281225978,19.080996434529062,760.3093325330065,2
40.821376221132326,13.859267990315924,133.23543452050407,2
28.788471522937044,37.73894849234267,703.8916214248394,2
19.194404181092743,54.6939334183677,136.2024307896762,0
26.602133685641714,44.103761585437695,760.0531612476599,2
34.15793279253441,87.76418312481833,111.79448036612646,0
20.311313232822485,47.180469814184676,356.06996563548677,1
14.146336326532456,71.76003248505035,440.1527209948681,1
20.96837612394754,67.81602789459822,769.5071276062081,2
34.21022114339328,55.34888362625256,208.9757896476695,0
30.4830619655566,20.00676803152878,770.2399454727216,2
32.52908263117865,30.442768963565527,537.7721920746465,1
37.47169638355825,63.31742806509831,235.06199858985403,1
32.49000642458143,73.47253973310524,176.28731130901298,0
44.16606436611248,58.18958200898283,541.017610123137,2
17.157816115398106,34.64521944623261,371.68678650599287,1
40.64255356811849,16.434483095345172,190.5935345820223,2
31.156129863948397,63.06313227745776,312.8846856555371,0
35.90049698536944,70.2290422449343,768.39351463602,2
44.16796590061913,68.74908695229877,754.0446311673684,2
33.539759705346995,69.96529017791248,296.7089053598711,0
39.825469355316166,15.91121475200759,768.7554001900169,2
41.68575284336301,15.730609292074007,140.5841881259559,2
36.18797620425411,13.75518586223361,555.2781586422318,1
33.41822931902229,67.54032478836402,399.2165380875206,1
15.754562218447008,42.760851747102336,266.48306589017625,0
23.324505576926043,43.12863349458394,674.5368364295508,2
34.32178274977764,58.343121636853255,228.9486549021447,0
19.386766620420676,79.43378957494932,786.376759492528,2
14.555212765269662,23.751889745053738,431.9894369440036,1
37.045785782361165,51.26529505980994,405.8652525501448,1
38.24117235462374,39.261182499869385,346.47003467635784,1
31.43236241765911,79.69278975510449,403.6851139930378,1
37.67580666344918,57.00883318831559,358.5160704418183,1
30.89872327865282,35.680543592931684,400.1804100716279,1
32.18143521542248,38.65699177592436,325.6871157422997,0
14.397031132006047,10.060085534705552,433.1330809353741,1
27.54019638278365,86.74238142310057,759.7300577171184,2
10.558209979537244,24.98892181421852,246.53942504176044,0
33.054346995029505,50.737675657725774,731.1386924992257,2
43.32212550220725,87.87788259893249,423.91895974694785,2
37.396423812393714,13.843874363401989,757.9066864119704,2
41.68139551843332,48.56635019140063,531.0143820102064,2
34.15908713708275,86.7940931681031,296.66432268678625,0
31.93143472659241,70.21157964689847,352.8163507518035,1
43.82579836668996,43.030073889624475,358.72188253886236,2
13.108113240007466,56.483563051776756,453.2906825593794,1
26.159117609965126,89.27373060101257,307.82950475930386,0
18.762531693449844,66.26935993618324,555.2029009756022,1
41.41449705280169,61.22886991713506,691.2846476344129,2
18.836532073003276,40.113808166952715,585.3092710617763,1
40.17681963208702,44.767918306081555,763.7821378189641,2
37.10570082440153,88.14769303363306,376.1555667728644,1
18.651599130737402,63.8945628789243,786.9943484344527,2
26.64267019367601,51.08139274262009,439.952206189006,1
44.27177661308521,68.66661458408151,102.87792690278187,2
43.870376358242325,27.147133404938188,265.1748807466238,2
32.51710405373353,50.20084663058274,376.0470650739516,1
34.2400507488029,44.26507503334417,322.2305564587153,0
35.699009414637175,31.038932480871342,275.3482647513973,1
12.255279159577693,34.508877753457234,509.6481090631611,1
38.74200274996784,44.138203464618314,682.8594140953373,2
21.041030659360807,51.55249455124229,159.51655378141012,0
36.792709775926525,13.945287624935698,368.13457770757566,1
10.357146662259527,37.450687520950474,785.8103619731883,2
29.535294714716677,34.3062904678964,407.2963449447963,1
35.175735829193584,32.41886403209677,625.1768423391838,2
20.588165616416006,15.910301808732097,382.36865553056947,1
34.81268056836892,81.46473849521898,488.3675053666147,1
12.719365915735192,36.95279009968499,794.9112271942115,2
36.470007491330264,56.36975732843943,148.02242765613985,1
30.718480273900536,65.02845353837488,799.7375007216506,2
14.980315151976628,83.99649353620248,190.52686102868864,0
10.023748290535831,43.27628826130726,610.3958190158248,2
34.5653501250977,79.89969044131867,427.87810704103305,1
12.493169852236466,14.902638917248865,489.94816027055793,1
10.821695905402333,84.0143007353427,678.5793824021061,2
37.495618707564674,41.54595427249012,762.7260613132005,2
10.722853463162235,87.17013420456156,235.65900919954967,0
41.53961701532567,49.58862973086099,494.7540965291719,2
39.45306061888338,82.119185051788,127.91985774612945,1
33.73602950773211,18.21478222431228,516.5771414602546,1
13.288291394012118,32.933016694444575,511.35337446680745,1
31.590887685674268,29.287725126708768,600.3757908005651,2
15.882635975775788,33.095459036128794,528.334620174291,1
44.115304570869974,63.86592863833768,352.2689276009579,2
17.391532758448726,10.397601728012331,300.6793545823862,0
42.65481431617055,69.13213989846126,762.5114492512167,2
19.701935244567437,72.87915702707669,596.6830905359953,1
11.111456871681916,20.382161553321502,745.6477939561178,2
43.75506817819816,36.14035659276712,583.9508056953447,2
40.62870818639538,34.00177057804058,152.88601745736918,2
25.237955702252787,87.55566891850569,136.29991684833493,0
37.91195054633407,88.9056825777683,246.95347928093645,1
13.863771812723648,31.501151840284294,457.56523632816254,1
31.59979654618132,10.634174487943584,239.90121002419386,0
16.560381849407175,26.80218383232079,592.5431201629724,1
41.80840884383113,17.413877281253704,497.81756199834155,2
17.606862318609743,64.21510626238512,735.6743476114804,2
38.970889486352426,78.59820581102335,654.5461502164057,2
23.076550917568632,89.28316722221788,551.1939808044772,1
34.40054931349789,30.394647910316934,285.1575781661404,0
14.036245497673132,47.05871942926278,354.54731792227085,1
23.57880956153391,75.83116870817155,793.7434156452737,2
15.516231569927989,34.95625475448031,111.36384631996772,0
17.032002295408564,18.20138375808975,481.9368128857481,1
28.920430786678438,27.185662074218683,544.1814876923582,1
28.031624452632766,14.24310591168835,574.5293093459497,1
33.103431214790284,25.18694386578521,317.95515495438826,0
12.190020367505117,57.089991546067544,209.44791310396877,0
42.384715729941554,16.58233742765387,530.9036533265701,2
39.27705807596064,53.299576025376886,525.317750522551,1
44.45982402572276,83.18678241745603,777.2542068301767,2
15.50395019466729,12.389584759499126,309.0507745712431,0
34.03531656651062,55.932220687886144,627.0507691670703,2
33.041967854530824,55.18916878713441,601.7663767099631,2
29.75129663381883,68.88971472321899,458.97038239609356,1
29.65886864282397,65.30749838695453,476.05135856825655,1
19.643626337857803,53.658872469226026,280.68240805958277,0
10.385311765970132,70.4862945538074,150.91579114863683,0
37.36512663432357,85.63054308494364,792.0447614417801,2
33.46452178117088,55.43686573143414,716.5349292013395,2
32.017505466749725,68.4883702481552,117.10495285121411,0
30.388920676041675,46.441072505898845,449.82932240688115,1
44.81790880483276,63.64867196755747,175.13375103297932,2
32.5811528970114,35.59234508275226,682.1264379095883,2
32.42612105048063,89.14300165578342,374.548013062637,1
29.93936638630618,10.925262730958787,400.0851496189519,1
18.32398287053023,40.012340707009386,779.3696862673504,2
11.450693343361728,77.02593796179242,789.8335410710957,2
16.0161973331356,50.80353849271867,579.8932418962611,1
24.954612732902078,59.585459104365405,667.7784123074348,2
18.155996951581294,31.811570139674956,449.1723902353938,1
39.53603507111035,34.55476661868715,670.4621754045043,2
28.88724763134274,88.91190966972364,683.0496220554039,2
42.1342831615507,83.10409534308309,299.36887810056453,2
32.21094798107815,79.12176940340899,278.97388960778414,0
12.49794997982298,27.362378531029563,231.97077960393585,0
11.306595572060692,22.501286299273477,728.682802389308,2
34.76039738840407,22.528443938268524,462.7421885902786,1
20.342547400057978,14.438363345105572,459.67296430327605,1
26.382993885320587,69.4828218143554,670.5040041208916,2
37.00634176324534,68.95170600108017,492.55605206553696,1
10.966715675552058,56.53041069227008,182.94153653100614,0
37.77335586873671,35.574355390883824,716.6230308064854,2
21.767885143514295,78.42341396120308,274.06435443338927,0
30.313161596197794,34.8114003195913,164.4704135726298,0
19.279176430358312,37.250731048284116,634.4382058575891,2
40.229758114102296,35.236494595320735,334.6703662377119,2
36.991206603031834,33.74490831610494,324.0764473623914,1
43.77856885267185,18.45211662584715,277.2437011494615,2
17.560020321207283,89.3291543365838,549.5389453709815,1
32.46799765499851,49.15999922888044,430.7101200205559,1
29.824646574794382,26.84237347431172,462.3816530429972,1
41.3244352218052,70.45594467824418,789.0456945490942,2
17.649198032146497,16.001234082664126,603.0434391834302,2
22.434324715564642,11.985664819746944,241.0594547248613,0
10.043941797581443,20.000452917454197,433.20087587924843,1
27.95368126712949,45.16644468664403,678.5201509104713,2
28.05504407392504,28.622412141527498,342.8788431622255,0
15.510588626092526,82.01402948606211,354.6567900748712,1
13.524139906450095,34.76603536626868,677.6671366291664,2
16.985983294000345,26.048951459061787,506.2856806357681,1
42.34913017786106,78.09936698126451,244.6269730001857,2
23.28883601114439,44.349290807311725,164.39588547930134,0
42.68864939260275,49.012541823831384,509.2914418699976,2
27.84460029260625,60.29307720507987,779.1203209268002,2
10.067071025693064,12.184481671592051,190.51277097501674,0
18.589905092266942,62.52471480294052,513.5011265355985,1
43.30200635078928,63.86154608604683,496.1907286529031,2
31.62157963157357,88.51466618783039,686.9996589486066,2
23.876714962427897,33.40934553521467,129.45499004198422,0
25.098622244478985,10.98115861144116,590.6692710599002,1
36.933233627249294,13.26839486874369,455.08951995805336,1
18.43694810653476,69.03473107457609,149.93407372650836,0
40.138328570937446,57.43692493473154,567.5925385999974,2
35.214650051237896,33.91502538435404,143.6462324753295,1
27.89615449082165,17.77353102548485,350.19830390802963,1
19.16563071602684,27.604081845516113,428.31695089946464,1
10.304193651718146,55.25674140535667,178.0626951189243,0
33.9861417449942,75.14425234728498,790.1390787459402,2
31.350165943706585,13.560373889578301,363.12151132392677,1
35.989195411207405,51.93657818918592,318.68768884985764,1
38.310169706430514,86.94721704402644,769.579977139883,2
22.210984514529855,57.067472577723386,540.6965843132688,1
10.777307617261416,88.49730054267606,384.55152487342644,1
37.892375063110755,57.702404429010556,474.08688189995735,1
29.046450251092004,31.980655440907377,255.95250330657257,0
39.86440712100314,81.13146283936678,283.7891467888279,1
29.854686882727687,70.14607272306462,373.20487015248506,1
16.78371705587425,80.53737169872977,764.9605686140159,2
27.397500222994235,68.57902758380264,277.59520252263496,0
40.85609302804251,13.467033736287854,525.4823318443133,2
18.306779812866854,12.02585039006915,499.1183719254251,1
14.455910648768246,15.566355622226196,341.96721010116704,0
44.09502408295241,80.3044145009133,621.8904555911081,2
13.703260625189335,87.64064409897871,572.3675781833817,1
18.853305891829763,42.0264136274849,145.04260563044863,0
38.44912091966425,25.33708150126447,151.7473654568843,1
32.15963599523158,49.88998137841361,418.05998456506035,1
35.26796761092362,41.95872268542361,109.39483250639627,1
41.150679829161135,19.012425757131908,705.2333155031553,2
43.0357630227674,77.86179276671604,518.8011891199467,2
39.12469583289848,27.55116569136968,116.18852630470205,1
28.34859187397912,89.18435875007027,483.23294904217744,1
16.665628046269372,21.635121959362735,474.89672376488534,1
28.75189755764424,82.446164798883,344.20234319990993,0
19.651096257540743,86.68052974416513,545.8467703803766,1
22.418855552402235,43.486938705511506,331.5588926246082,0
16.218663628961853,79.63220008228151,398.21086263240295,1
24.79044569524617,52.29191640413908,153.18661075372148,0
37.28970789136629,40.72650440191374,570.9344454375774,1
30.210694000330264,85.01762629776587,289.0028793359075,0
14.887184205014394,36.18551322970697,559.2322982271955,1
15.963881450786845,54.12824746686237,407.54599082694324,1
42.61814432660909,59.62697553347276,123.66676488740322,2
24.822690811627986,53.964557504504995,490.98831569445883,1
38.785702982964054,32.627845196511856,635.3402125532942,2
42.72559562241761,61.50919748692536,131.04609585942393,2
30.77153861324354,53.98929728172649,789.2022346474815,2
31.89429086098952,25.650649674592295,268.6974811018807,0
11.209332678581198,47.26100839084748,744.2688933718632,2
34.72508034696341,57.082952386477224,716.0327938591978,2
16.191094317180923,51.45954255173549,751.8904168897304,2
44.377084882613076,76.14149764726274,415.2564114316203,2
16.054110705077598,76.12690258978044,563.0841402182043,1
33.91024179508013,11.211490328834604,524.8933236963373,1
30.059069929026148,67.5111979832685,649.1990811371624,2
29.89579166241872,20.214569907679003,106.50603933990128,0
41.44698605533347,37.661019346649596,333.2071634721029,2
12.43864693705332,86.02548046451129,212.05765590095828,0
24.201348422624186,77.64876106584285,752.8426393696815,2
31.804674651336065,22.395431711926193,291.87698116467493,0
41.58044848518034,87.65796499681443,686.9600120469972,2
12.022956806231761,29.890436484648653,195.660160576022,0
37.3350701295372,32.861263787366106,561.8465346827877,1
32.10606025461476,49.17848415772275,150.00962162973218,0
44.79430033017094,20.69827871924347,440.9122631268809,2
34.21207436682196,44.478955742744134,341.5505595495042,0
17.445063547858183,41.0634178187364,127.78735111270163,0
35.13703373923069,29.501170730432243,369.43812133221826,1
15.957517969216356,40.58612630645793,119.1637234700616,0
35.13095145625486,65.03022304554658,431.72984410015613,1
33.77280020899495,71.46870584776096,717.9637897765208,2
22.062011506833485,44.829710730919444,277.6352330375344,0
15.846253199375067,54.496699076427014,702.0270618270598,2
12.747977422300458,34.808503648567296,326.3506458665053,0
12.903389616212856,46.06012765970384,502.03001101272406,1
30.165238546806695,68.22311254868083,533.4372023602682,1
11.245692810285957,40.95435607866831,217.3309525618853,0
24.760589746826717,10.324127021383775,715.5320332647213,2
29.520604254703386,22.774209512846888,751.7199768989793,2
15.413604069870651,21.680383420422533,126.32368926828853,0
18.370438848402507,89.2354513064418,160.97012575782904,0
15.35166110325165,64.5646318803677,756.6949171070369,2
21.040773963557385,26.947152487819366,648.7925404576459,2
31.513637438535667,56.02113304315624,552.9646092074124,1
42.91765555528851,20.572044735116286,759.1489252873091,2
27.638394021782705,77.07005948615416,261.8711069115225,0
28.236486404355418,59.363678328940246,560.6989517021455,1
41.638692345944776,79.03723817962964,209.46356801412645,2
44.90144632503242,61.54532300057272,763.5389525502804,2
43.4066057886066,55.04000248533667,640.0840840257802,2
11.94003298607866,53.45644516241049,370.83439638875484,1
24.58855740790783,27.80525942008361,605.7560527954842,2
26.264263003224066,47.618626401877094,382.0407940329797,1
10.75741815115309,59.605033772601644,122.21417528968294,0
29.70817880697277,26.86262139306832,548.0755895393862,1
35.42790392044593,21.84799481344946,738.8845842685178,2
17.339061614326443,85.70006660856082,336.18041390200176,0
16.148765328242384,63.31068589948717,129.497311370055,0
26.61331506693255,89.74162086193303,564.44795113549,1
28.15548396019615,49.865413804256804,741.7749935484532,2
36.41839682930595,56.61195933916821,685.6134824051868,2
15.658649660318831,15.477642408118033,515.2141051949565,1
44.41949953191287,44.17406250676863,538.5150412723938,2
41.94882560152168,77.0384540677536,328.84658576220284,2
36.95226000782317,11.465631056266048,383.44408749222214,1
41.94423985418999,12.906531387052018,510.8527968516624,2
30.996517178969736,84.26695763539905,603.6501517337729,2
30.462374696268572,18.08100513991303,396.96579569228624,1
23.96268412488137,39.61329700870234,279.4915481878337,0
25.108181237849365,67.91801003654926,538.8640275383605,1
10.03952714013454,57.39680651660305,266.286062105765,0
21.985846614709168,45.05030013965872,165.8855189110164,0
38.11343775209306,40.55947099815932,141.08329647765976,1
11.84227969665283,66.76420179013061,647.4063725807871,2
22.981805856619246,49.80166359053128,713.7447105837085,2
32.23009738817147,19.693937076082022,674.3740372278268,2
41.796577688589906,76.54563979021714,606.4593079092322,2
17.71729368679642,28.02371081505724,418.0249072464847,1
30.754320108939897,57.46983853957832,781.4153752120823,2
31.88618985995918,52.757685611011084,607.9951529288873,2
39.139341945739076,40.7100130309076,165.79544345570267,1
41.90831110246411,71.97138486235266,457.3505077338788,2
40.213006603700606,63.079533532872645,460.3132707598704,2
28.15826331946767,57.748614805088465,414.2008834043998,1
37.579067108138034,42.449939434095114,411.88617490734663,1
40.7477110786584,87.38094972590306,729.2571379159976,2
44.20939461902647,71.16744153977132,704.6745870122342,2
33.34498612530671,59.123753644759105,374.08349932593177,1
30.581541027861697,41.1926147612687,583.2505773050545,1
43.520216303077675,58.175204874223255,437.4359874491253,2
40.674942209716264,87.13098271224456,333.35612767868645,2
42.05170051226332,34.92198391522769,104.33888023204851,2
36.51597516815657,19.982202523573687,198.58124911029617,1
19.312347281540873,83.88079900641846,227.5757182065403,0
41.06956431790955,33.60199368828998,266.79610170546346,2
32.47200418538563,78.92358859087904,374.93941722616654,1
22.73808121898227,57.56617908514193,789.8441159114215,2
29.527936714857624,22.020422212207855,608.3377623932674,2
22.289390588526516,26.223219378510542,673.2869102143744,2
38.36832056147023,12.997295561138875,196.9250604499809,1
26.315955022923813,58.875208874868676,257.6618239206515,0
25.602571844214765,52.10506603671526,278.40765733206445,0
21.04236413012335,55.51036961538941,598.3614876851129,1
39.39901244600874,24.051730688513018,273.5740938360932,1
44.0198784468464,49.46295828071562,412.49714800521815,2
30.939759543276452,62.12164959716405,226.47748498797756,0
42.59497752296128,77.10275555211938,310.0341716875173,2
27.11188939676289,11.659200952089055,500.6590950424294,1
17.033753220707183,21.749456993831995,108.01263939527327,0
10.236491423643345,52.31449971698014,556.3373603878786,1
16.23341902503757,76.16192325560225,244.48083261621966,0
42.56342564825727,58.40792504989718,774.7146933605464,2
39.21592341259875,64.53521712686691,351.0661840801106,1
24.862426821153644,53.95545430734149,768.1968070859282,2
36.60143723174161,27.771825912523944,167.06416400105778,1
22.35606738349518,36.60850978257105,397.4251592744647,1
12.784523470432505,31.242743596998075,196.9624261131416,0
24.142705428910478,40.43376936340834,319.80686675941627,0
34.781217481104306,78.6106186147467,431.9354233089857,1
13.143246607119654,22.68234425147007,418.09811309918103,1
25.265676889451626,39.05741261281504,379.5013962932989,1
37.0022148097173,54.70166859462448,749.3627552185596,2
17.92295001884097,51.51650262341487,666.0592084674925,2
36.854570043233906,33.746849781759316,789.8602286965618,2
16.827593472472234,57.17332352788573,246.28986622566075,0
34.02326680333849,56.323565185308354,309.6855248227663,0
32.06198587540061,80.0561356930951,265.91620014155455,0
35.37426198390973,58.05041228399933,238.38864958394194,1
26.59649263285597,79.08273637765627,704.4752288394445,2
35.30099592598101,64.91216667643039,223.88312249334484,1
18.030433888532873,13.641938598538168,412.69944492268473,1
30.734496753353525,75.89157665788422,385.6842400811765,1
23.33708296803652,78.89534204249546,278.1710885474455,0
14.79472309958117,87.46144951797865,338.02215196384674,0
39.71776997634558,69.90337120264891,551.8685492327857,1
30.01669530587424,31.996511967853696,278.83177404632124,0
34.24302951338258,89.20602305265666,451.59144237181334,1
43.23183216308105,58.360611229605944,290.21480827365156,2
30.290181827166155,20.42290192256975,382.2642451924162,1
39.714840268681584,14.294518465733113,710.7084143594473,2
19.135942019818494,76.16085197973786,613.7514015514231,2
21.449812390451562,75.2112031711607,742.7691541152511,2
35.434376230054,49.214977966790784,684.8981512816819,2
30.080672356382717,45.43140071664741,213.3959948157924,0
21.581993285019564,75.39339066297,255.03196879367988,0
43.3272028114022,64.1145639838251,154.33655454985552,2
38.79248986628652,51.467081297876376,676.131105456383,2
15.730234723695327,86.70637477673742,220.354724353383,0
10.505528519118462,67.93142026170717,741.2300467927615,2
20.575401053672195,76.67476066494102,526.9654951824218,1
34.66138155702753,69.4036871311054,718.877877312018,2
32.74086882347157,87.9415995462624,510.272913747892,1
38.41983620625519,49.9787793576344,603.3916273667601,2
24.246521412469605,36.99900867194457,447.179668805418,1
20.770863934354438,87.7704735787373,223.90972611228068,0
18.684584236253258,86.43964525991257,402.4440739323976,1
23.034723663415907,82.86308807815641,536.7717805493337,1
24.216886550939428,64.38790215449481,203.47570947686637,0
32.15246935414255,11.592685709576038,292.1789601594976,0
44.99148967570178,80.20257143178598,500.15958733041737,2
19.060802708921436,28.185385592053276,202.364498307982,0
20.52726458058749,87.66856547425736,200.20968589386428,0
44.18608877059164,22.91829309129925,653.931655825275,2
39.805720220224345,71.78103293879053,357.3731288336887,1
41.259335024634495,79.27050356193273,272.9287080284988,2
19.15017066035059,14.617375657658966,158.86480607900614,0
15.25951108172898,59.18789948293426,222.6968888218771,0
11.971168458886583,20.71777782673319,494.71959442413856,1
36.45526138323338,45.71219719507309,672.2422147201614,2
34.114115491997396,78.63556651370871,662.8197513885792,2
29.539409926089693,36.634815316344664,632.9638380868654,2
38.21679090194192,37.2831314794989,284.9062249981036,1
32.053614020135385,66.63897414886638,387.36050179423717,1
36.834141108507964,52.04609271943561,743.7428527130143,2
35.61227978603573,16.417513651958558,756.0783728398326,2
15.923211851917031,61.05707343347775,580.2868931334501,1
27.925989485629717,87.99465033210758,148.34069451959468,0
41.4205713265505,17.74418455745949,397.2260374766078,2
28.558105833209694,82.85610437511,351.85281185156293,1
43.81090635940506,73.3989225960176,100.42430400376534,2
42.726918153652406,67.29242496560049,574.8096936834966,2
11.394579306383346,49.967805041085555,137.75199759071498,0
39.63561986866033,45.902118993717764,238.3896525784251,1
14.948910848027069,52.652190403965314,383.63488678079386,1
13.172480831442234,14.532931965143296,269.7482143409403,0
15.279119396033616,28.95308606560265,304.1283694552021,0
20.332563820188117,86.35797483683768,307.01784570127285,0
17.27662904576481,73.43550700436325,446.8853504462758,1
29.621743319926765,14.87945352850887,793.6508010316935,2
33.2477583438412,37.022649618880656,195.478190344425,0
27.420265273147486,78.50396959212131,152.881778462917,0
26.126127507689638,40.67780127361648,525.9358248551717,1
26.072258096305895,63.012831194148795,454.0669255164249,1
36.28188523340914,15.057777157295016,436.1519904009721,1
26.260465543076187,60.0523821200448,524.8425108382432,1
34.94431980143465,18.29675458944663,349.72067032095674,0
39.38030895203089,59.777495560221126,698.9293589158076,2
28.717009689599536,88.43251372536835,613.5654209041093,2
27.23914374663235,13.20924163144416,311.8557965690384,0
22.377587135901162,28.171404045521218,101.4841161094397,0
42.12366457421265,35.13363098535535,322.9527601127601,2
26.962738402437974,59.85573886750898,794.3157620898439,2
